Date,Scaled_Close
2016-07-12,0.2083333501488797
2016-07-13,0.2083333501488797
2016-07-14,0.2187500067908937
2016-07-15,0.19791666246278009
2016-07-18,0.177083349178752
2016-07-19,0.177083349178752
2016-07-20,0.16666666149265238
2016-07-21,0.15625000485063836
2016-07-22,0.16666666149265238
2016-07-25,0.14583334820862434
2016-07-26,0.12500000388051066
2016-07-27,0.16666666149265238
2016-07-28,0.16666666149265238
2016-07-29,0.12500000388051066
2016-08-02,0.12500000388051066
2016-08-03,0.14583334820862434
2016-08-04,0.16666666149265238
2016-08-05,0.16666666149265238
2016-08-08,0.14583334820862434
2016-08-09,0.14583334820862434
2016-08-10,0.14583334820862434
2016-08-11,0.15625000485063836
2016-08-12,0.14583334820862434
2016-08-15,0.14583334820862434
2016-08-16,0.12500000388051066
2016-08-17,0.16666666149265238
2016-08-18,0.16666666149265238
2016-08-19,0.10416665955239704
2016-08-22,0.14583334820862434
2016-08-23,0.13541666052252474
2016-08-24,0.14583334820862434
2016-08-25,0.13541666052252474
2016-08-26,0.14583334820862434
2016-08-29,0.14583334820862434
2016-08-30,0.13541666052252474
2016-08-31,0.12500000388051066
2016-09-01,0.14583334820862434
2016-09-02,0.16666666149265238
2016-09-06,0.12500000388051066
2016-09-07,0.14583334820862434
2016-09-08,0.12500000388051066
2016-09-09,0.0833333307463262
2016-09-12,0.12500000388051066
2016-09-13,0.10416665955239704
2016-09-14,0.12500000388051066
2016-09-15,0.13541666052252474
2016-09-16,0.13541666052252474
2016-09-19,0.11458334723849664
2016-09-20,0.11458334723849664
2016-09-21,0.13541666052252474
2016-09-22,0.09375000291038302
2016-09-23,0.12500000388051066
2016-09-26,0.12500000388051066
2016-09-27,0.09375000291038302
2016-09-28,0.12500000388051066
2016-09-29,0.12500000388051066
2016-09-30,0.12500000388051066
2016-10-03,0.10416665955239704
2016-10-04,0.0833333307463262
2016-10-05,0.0833333307463262
2016-10-06,0.10416665955239704
2016-10-07,0.07291667410431216
2016-10-11,0.041666673134184484
2016-10-12,0.06250000194025535
2016-10-13,0.06250000194025535
2016-10-14,0.06250000194025535
2016-10-17,0.041666673134184484
2016-10-18,0.06250000194025535
2016-10-19,0.06250000194025535
2016-10-20,0.06250000194025535
2016-10-21,0.052083329776198534
2016-10-24,0.052083329776198534
2016-10-25,0.041666673134184484
2016-10-26,0.052083329776198534
2016-10-27,0.041666673134184484
2016-10-28,0.041666673134184484
2016-10-31,0.041666673134184484
2016-11-01,0.041666673134184484
2016-11-02,0.041666673134184484
2016-11-03,0.041666673134184484
2016-11-04,0.052083329776198534
2016-11-07,0.03125000097012767
2016-11-08,0.03125000097012767
2016-11-09,0.03125000097012767
2016-11-10,0.02083334432811365
2016-11-11,0.041666673134184484
2016-11-14,0.041666673134184484
2016-11-15,0.052083329776198534
2016-11-16,0.06250000194025535
2016-11-17,0.052083329776198534
2016-11-18,0.041666673134184484
2016-11-21,0.041666673134184484
2016-11-22,0.041666673134184484
2016-11-23,0.041666673134184484
2016-11-24,0.041666673134184484
2016-11-25,0.052083329776198534
2016-11-28,0.052083329776198534
2016-11-29,0.041666673134184484
2016-11-30,0.03125000097012767
2016-12-01,0.010416672164056812
2016-12-02,0.02083334432811365
2016-12-05,0.03125000097012767
2016-12-06,0.041666673134184484
2016-12-07,0.0833333307463262
2016-12-08,0.09375000291038302
2016-12-09,0.10416665955239704
2016-12-12,0.10416665955239704
2016-12-13,0.10416665955239704
2016-12-14,0.10416665955239704
2016-12-15,0.07291667410431216
2016-12-16,0.09375000291038302
2016-12-19,0.10416665955239704
2016-12-20,0.12500000388051066
2016-12-21,0.09375000291038302
2016-12-22,0.10416665955239704
2016-12-23,0.10416665955239704
2016-12-28,0.13541666052252474
2016-12-29,0.13541666052252474
2016-12-30,0.14583334820862434
2017-01-03,0.177083349178752
2017-01-04,0.2500000077610214
2017-01-05,0.31250000970127667
2017-01-06,0.26041666440303546
2017-01-09,0.23958332007492175
2017-01-10,0.2708333210450494
2017-01-11,0.32291666634329075
2017-01-12,0.3541666673134184
2017-01-13,0.36458332395543247
2017-01-16,0.37499998059744644
2017-01-17,0.3541666673134184
2017-01-18,0.30208332201517707
2017-01-19,0.36458332395543247
2017-01-20,0.37499998059744644
2017-01-23,0.39583335596964564
2017-01-24,0.48958332783594316
2017-01-25,0.4479166391797158
2017-01-26,0.4479166391797158
2017-01-27,0.4062500126116597
2017-01-30,0.39583335596964564
2017-01-31,0.39583335596964564
2017-02-01,0.36458332395543247
2017-02-02,0.37499998059744644
2017-02-03,0.3541666673134184
2017-02-06,0.36458332395543247
2017-02-07,0.43749998253770184
2017-02-08,0.4999999844779571
2017-02-09,0.5208333598501563
2017-02-10,0.6354166450004819
2017-02-13,0.7187500223129364
2017-02-14,0.7291666789549505
2017-02-15,0.6458333016424959
2017-02-16,0.6249999883584678
2017-02-17,0.5729166430602265
2017-02-21,0.6041666750744398
2017-02-22,0.6145833317164537
2017-02-23,0.5833333617904117
2017-02-24,0.6041666750744398
2017-02-27,0.5937500184324257
2017-02-28,0.5520833297761985
2017-03-01,0.5208333598501563
2017-03-02,0.5520833297761985
2017-03-03,0.5104166411199712
2017-03-06,0.4791666711939291
2017-03-07,0.5104166411199712
2017-03-08,0.5208333598501563
2017-03-09,0.5208333598501563
2017-03-10,0.5416666731341844
2017-03-13,0.4791666711939291
2017-03-14,0.43749998253770184
2017-03-15,0.5104166411199712
2017-03-16,0.4999999844779571
2017-03-17,0.48958332783594316
2017-03-20,0.48958332783594316
2017-03-21,0.45833335790990104
2017-03-22,0.4062500126116597
2017-03-23,0.37499998059744644
2017-03-24,0.3854166372394605
2017-03-27,0.30208332201517707
2017-03-28,0.36458332395543247
2017-03-29,0.39583335596964564
2017-03-30,0.39583335596964564
2017-03-31,0.37499998059744644
2017-04-03,0.3437500106714043
2017-04-04,0.3437500106714043
2017-04-05,0.32291666634329075
2017-04-06,0.31250000970127667
2017-04-07,0.31250000970127667
2017-04-10,0.3437500106714043
2017-04-11,0.3437500106714043
2017-04-12,0.3437500106714043
2017-04-13,0.31250000970127667
2017-04-17,0.2916666653731631
2017-04-18,0.2708333210450494
2017-04-19,0.26041666440303546
2017-04-20,0.2500000077610214
2017-04-21,0.23958332007492175
2017-04-24,0.23958332007492175
2017-04-25,0.22916666343290773
2017-04-26,0.2500000077610214
2017-04-27,0.23958332007492175
2017-04-28,0.2500000077610214
2017-05-01,0.2708333210450494
2017-05-02,0.281250008731149
2017-05-03,0.2500000077610214
2017-05-04,0.2083333501488797
2017-05-05,0.2187500067908937
2017-05-08,0.2500000077610214
2017-05-09,0.23958332007492175
2017-05-10,0.22916666343290773
2017-05-11,0.22916666343290773
2017-05-12,0.2708333210450494
2017-05-15,0.26041666440303546
2017-05-16,0.22916666343290773
2017-05-17,0.2708333210450494
2017-05-18,0.2708333210450494
2017-05-19,0.23958332007492175
2017-05-23,0.2708333210450494
2017-05-24,0.23958332007492175
2017-05-25,0.2500000077610214
2017-05-26,0.2500000077610214
2017-05-29,0.26041666440303546
2017-05-30,0.26041666440303546
2017-05-31,0.2500000077610214
2017-06-01,0.2500000077610214
2017-06-02,0.2500000077610214
2017-06-05,0.22916666343290773
2017-06-06,0.22916666343290773
2017-06-07,0.22916666343290773
2017-06-08,0.22916666343290773
2017-06-09,0.2187500067908937
2017-06-12,0.2187500067908937
2017-06-13,0.22916666343290773
2017-06-14,0.2083333501488797
2017-06-15,0.2187500067908937
2017-06-16,0.23958332007492175
2017-06-19,0.2500000077610214
2017-06-20,0.22916666343290773
2017-06-21,0.23958332007492175
2017-06-22,0.23958332007492175
2017-06-23,0.23958332007492175
2017-06-26,0.2500000077610214
2017-06-27,0.23958332007492175
2017-06-28,0.2187500067908937
2017-06-29,0.22916666343290773
2017-06-30,0.22916666343290773
2017-07-04,0.2500000077610214
2017-07-05,0.2500000077610214
2017-07-06,0.2500000077610214
2017-07-07,0.23958332007492175
2017-07-10,0.22916666343290773
2017-07-11,0.23958332007492175
2017-07-12,0.2500000077610214
2017-07-13,0.2916666653731631
2017-07-14,0.2916666653731631
2017-07-17,0.37499998059744644
2017-07-18,0.3541666673134184
2017-07-19,0.3541666673134184
2017-07-20,0.3333333229853048
2017-07-21,0.31250000970127667
2017-07-24,0.31250000970127667
2017-07-25,0.3437500106714043
2017-07-26,0.31250000970127667
2017-07-27,0.3437500106714043
2017-07-28,0.3333333229853048
2017-07-31,0.3437500106714043
2017-08-01,0.31250000970127667
2017-08-02,0.30208332201517707
2017-08-03,0.2916666653731631
2017-08-04,0.31250000970127667
2017-08-08,0.2708333210450494
2017-08-09,0.2500000077610214
2017-08-10,0.26041666440303546
2017-08-11,0.2708333210450494
2017-08-14,0.26041666440303546
2017-08-15,0.23958332007492175
2017-08-16,0.26041666440303546
2017-08-17,0.26041666440303546
2017-08-18,0.23958332007492175
2017-08-21,0.22916666343290773
2017-08-22,0.23958332007492175
2017-08-23,0.22916666343290773
2017-08-24,0.23958332007492175
2017-08-25,0.23958332007492175
2017-08-28,0.23958332007492175
2017-08-29,0.2083333501488797
2017-08-30,0.2083333501488797
2017-08-31,0.2187500067908937
2017-09-01,0.23958332007492175
2017-09-05,0.22916666343290773
2017-09-06,0.2187500067908937
2017-09-07,0.23958332007492175
2017-09-08,0.22916666343290773
2017-09-11,0.22916666343290773
2017-09-12,0.2500000077610214
2017-09-13,0.2708333210450494
2017-09-14,0.2500000077610214
2017-09-15,0.2500000077610214
2017-09-18,0.23958332007492175
2017-09-19,0.23958332007492175
2017-09-20,0.23958332007492175
2017-09-21,0.2500000077610214
2017-09-22,0.22916666343290773
2017-09-25,0.23958332007492175
2017-09-26,0.23958332007492175
2017-09-27,0.22916666343290773
2017-09-28,0.23958332007492175
2017-09-29,0.23958332007492175
2017-10-02,0.2187500067908937
2017-10-03,0.2187500067908937
2017-10-04,0.2187500067908937
2017-10-05,0.2187500067908937
2017-10-06,0.2187500067908937
2017-10-10,0.2187500067908937
2017-10-11,0.2187500067908937
2017-10-12,0.22916666343290773
2017-10-13,0.2187500067908937
2017-10-16,0.2083333501488797
2017-10-17,0.2083333501488797
2017-10-18,0.22916666343290773
2017-10-19,0.22916666343290773
2017-10-20,0.2187500067908937
2017-10-23,0.2083333501488797
2017-10-24,0.2187500067908937
2017-10-25,0.2187500067908937
2017-10-26,0.2187500067908937
2017-10-27,0.2083333501488797
2017-10-30,0.22916666343290773
2017-10-31,0.2083333501488797
2017-11-01,0.2083333501488797
2017-11-02,0.19791666246278009
2017-11-03,0.2187500067908937
2017-11-06,0.22916666343290773
2017-11-07,0.22916666343290773
2017-11-08,0.2500000077610214
2017-11-09,0.32291666634329075
2017-11-10,0.3333333229853048
2017-11-13,0.3333333229853048
2017-11-14,0.281250008731149
2017-11-15,0.2708333210450494
2017-11-16,0.3541666673134184
2017-11-17,0.4062500126116597
2017-11-20,0.3854166372394605
2017-11-21,0.4166666692536737
2017-11-22,0.4166666692536737
2017-11-23,0.43749998253770184
2017-11-24,0.4062500126116597
2017-11-27,0.39583335596964564
2017-11-28,0.4166666692536737
2017-11-29,0.4062500126116597
2017-11-30,0.37499998059744644
2017-12-01,0.4062500126116597
2017-12-04,0.4999999844779571
2017-12-05,0.48958332783594316
2017-12-06,0.45833335790990104
2017-12-07,0.468750014551915
2017-12-08,0.4791666711939291
2017-12-11,0.4999999844779571
2017-12-12,0.4999999844779571
2017-12-13,0.45833335790990104
2017-12-14,0.43749998253770184
2017-12-15,0.4166666692536737
2017-12-18,0.3854166372394605
2017-12-19,0.4062500126116597
2017-12-20,0.39583335596964564
2017-12-21,0.3854166372394605
2017-12-22,0.3541666673134184
2017-12-27,0.36458332395543247
2017-12-28,0.39583335596964564
2017-12-29,0.39583335596964564
2018-01-02,0.4166666692536737
2018-01-03,0.4062500126116597
2018-01-04,0.39583335596964564
2018-01-05,0.3437500106714043
2018-01-08,0.3437500106714043
2018-01-09,0.3541666673134184
2018-01-10,0.3333333229853048
2018-01-11,0.32291666634329075
2018-01-12,0.3333333229853048
2018-01-15,0.36458332395543247
2018-01-16,0.30208332201517707
2018-01-17,0.31250000970127667
2018-01-18,0.31250000970127667
2018-01-19,0.3333333229853048
2018-01-22,0.3333333229853048
2018-01-23,0.3437500106714043
2018-01-24,0.30208332201517707
2018-01-25,0.31250000970127667
2018-01-26,0.3437500106714043
2018-01-29,0.32291666634329075
2018-01-30,0.32291666634329075
2018-01-31,0.32291666634329075
2018-02-01,0.32291666634329075
2018-02-02,0.30208332201517707
2018-02-05,0.2708333210450494
2018-02-06,0.2708333210450494
2018-02-07,0.30208332201517707
2018-02-08,0.281250008731149
2018-02-09,0.26041666440303546
2018-02-12,0.31250000970127667
2018-02-13,0.30208332201517707
2018-02-14,0.32291666634329075
2018-02-15,0.3333333229853048
2018-02-16,0.30208332201517707
2018-02-20,0.31250000970127667
2018-02-21,0.3333333229853048
2018-02-22,0.30208332201517707
2018-02-23,0.30208332201517707
2018-02-26,0.30208332201517707
2018-02-27,0.31250000970127667
2018-02-28,0.30208332201517707
2018-03-01,0.30208332201517707
2018-03-02,0.30208332201517707
2018-03-05,0.30208332201517707
2018-03-06,0.3333333229853048
2018-03-07,0.3333333229853048
2018-03-08,0.3333333229853048
2018-03-09,0.31250000970127667
2018-03-12,0.2916666653731631
2018-03-13,0.281250008731149
2018-03-14,0.281250008731149
2018-03-15,0.2916666653731631
2018-03-16,0.2708333210450494
2018-03-19,0.2708333210450494
2018-03-20,0.2708333210450494
2018-03-21,0.2708333210450494
2018-03-22,0.26041666440303546
2018-03-23,0.2708333210450494
2018-03-26,0.2708333210450494
2018-03-27,0.26041666440303546
2018-03-28,0.26041666440303546
2018-03-29,0.2500000077610214
2018-04-02,0.26041666440303546
2018-04-03,0.26041666440303546
2018-04-04,0.2500000077610214
2018-04-05,0.2708333210450494
2018-04-06,0.26041666440303546
2018-04-09,0.281250008731149
2018-04-10,0.30208332201517707
2018-04-11,0.31250000970127667
2018-04-12,0.30208332201517707
2018-04-13,0.30208332201517707
2018-04-16,0.3333333229853048
2018-04-17,0.32291666634329075
2018-04-18,0.32291666634329075
2018-04-19,0.2916666653731631
2018-04-20,0.26041666440303546
2018-04-23,0.2500000077610214
2018-04-24,0.2500000077610214
2018-04-25,0.26041666440303546
2018-04-26,0.2500000077610214
2018-04-27,0.2500000077610214
2018-04-30,0.2187500067908937
2018-05-01,0.22916666343290773
2018-05-02,0.2500000077610214
2018-05-03,0.23958332007492175
2018-05-04,0.23958332007492175
2018-05-07,0.2500000077610214
2018-05-08,0.23958332007492175
2018-05-09,0.281250008731149
2018-05-10,0.2916666653731631
2018-05-11,0.30208332201517707
2018-05-14,0.2916666653731631
2018-05-15,0.2916666653731631
2018-05-16,0.2916666653731631
2018-05-17,0.281250008731149
2018-05-18,0.30208332201517707
2018-05-22,0.30208332201517707
2018-05-23,0.31250000970127667
2018-05-24,0.281250008731149
2018-05-25,0.2916666653731631
2018-05-28,0.2916666653731631
2018-05-29,0.26041666440303546
2018-05-30,0.2500000077610214
2018-05-31,0.2500000077610214
2018-06-01,0.281250008731149
2018-06-04,0.30208332201517707
2018-06-05,0.32291666634329075
2018-06-06,0.3333333229853048
2018-06-07,0.32291666634329075
2018-06-08,0.3333333229853048
2018-06-11,0.31250000970127667
2018-06-12,0.31250000970127667
2018-06-13,0.31250000970127667
2018-06-14,0.281250008731149
2018-06-15,0.281250008731149
2018-06-18,0.281250008731149
2018-06-19,0.2916666653731631
2018-06-20,0.30208332201517707
2018-06-21,0.31250000970127667
2018-06-22,0.2916666653731631
2018-06-25,0.30208332201517707
2018-06-26,0.26041666440303546
2018-06-27,0.26041666440303546
2018-06-28,0.281250008731149
2018-06-29,0.31250000970127667
2018-07-03,0.2916666653731631
2018-07-04,0.31250000970127667
2018-07-05,0.2916666653731631
2018-07-06,0.2916666653731631
2018-07-09,0.30208332201517707
2018-07-10,0.2916666653731631
2018-07-11,0.2916666653731631
2018-07-12,0.2916666653731631
2018-07-13,0.2916666653731631
2018-07-16,0.2916666653731631
2018-07-17,0.2916666653731631
2018-07-18,0.2708333210450494
2018-07-19,0.281250008731149
2018-07-20,0.2708333210450494
2018-07-23,0.2708333210450494
2018-07-24,0.2500000077610214
2018-07-25,0.2500000077610214
2018-07-26,0.281250008731149
2018-07-27,0.281250008731149
2018-07-30,0.2916666653731631
2018-07-31,0.2500000077610214
2018-08-01,0.2500000077610214
2018-08-02,0.2500000077610214
2018-08-03,0.2708333210450494
2018-08-07,0.281250008731149
2018-08-08,0.2708333210450494
2018-08-09,0.2916666653731631
2018-08-10,0.2708333210450494
2018-08-13,0.2708333210450494
2018-08-14,0.2708333210450494
2018-08-15,0.2708333210450494
2018-08-16,0.2500000077610214
2018-08-17,0.2708333210450494
2018-08-20,0.26041666440303546
2018-08-21,0.2500000077610214
2018-08-22,0.26041666440303546
2018-08-23,0.26041666440303546
2018-08-24,0.2708333210450494
2018-08-27,0.2708333210450494
2018-08-28,0.26041666440303546
2018-08-29,0.2708333210450494
2018-08-30,0.281250008731149
2018-08-31,0.26041666440303546
2018-09-04,0.2916666653731631
2018-09-05,0.26041666440303546
2018-09-06,0.2708333210450494
2018-09-07,0.2708333210450494
2018-09-10,0.2708333210450494
2018-09-11,0.281250008731149
2018-09-12,0.2708333210450494
2018-09-13,0.2708333210450494
2018-09-14,0.281250008731149
2018-09-17,0.2708333210450494
2018-09-18,0.2708333210450494
2018-09-19,0.2708333210450494
2018-09-20,0.2708333210450494
2018-09-21,0.2708333210450494
2018-09-24,0.2708333210450494
2018-09-25,0.281250008731149
2018-09-26,0.281250008731149
2018-09-27,0.2708333210450494
2018-09-28,0.3333333229853048
2018-10-01,0.2916666653731631
2018-10-02,0.31250000970127667
2018-10-03,0.3333333229853048
2018-10-04,0.31250000970127667
2018-10-05,0.31250000970127667
2018-10-09,0.32291666634329075
2018-10-10,0.30208332201517707
2018-10-11,0.30208332201517707
2018-10-12,0.30208332201517707
2018-10-15,0.30208332201517707
2018-10-16,0.2916666653731631
2018-10-17,0.2916666653731631
2018-10-18,0.2916666653731631
2018-10-19,0.2916666653731631
2018-10-22,0.2708333210450494
2018-10-23,0.26041666440303546
2018-10-24,0.26041666440303546
2018-10-25,0.22916666343290773
2018-10-26,0.2500000077610214
2018-10-29,0.2500000077610214
2018-10-30,0.26041666440303546
2018-10-31,0.281250008731149
2018-11-01,0.26041666440303546
2018-11-02,0.281250008731149
2018-11-05,0.32291666634329075
2018-11-06,0.31250000970127667
2018-11-07,0.31250000970127667
2018-11-08,0.2916666653731631
2018-11-09,0.2916666653731631
2018-11-12,0.2500000077610214
2018-11-13,0.2500000077610214
2018-11-14,0.2187500067908937
2018-11-15,0.2187500067908937
2018-11-16,0.22916666343290773
2018-11-19,0.2083333501488797
2018-11-20,0.19791666246278009
2018-11-21,0.2083333501488797
2018-11-22,0.2083333501488797
2018-11-23,0.187500005820766
2018-11-26,0.2083333501488797
2018-11-27,0.19791666246278009
2018-11-28,0.22916666343290773
2018-11-29,0.22916666343290773
2018-11-30,0.2500000077610214
2018-12-03,0.22916666343290773
2018-12-04,0.19791666246278009
2018-12-05,0.2083333501488797
2018-12-06,0.2083333501488797
2018-12-07,0.2187500067908937
2018-12-10,0.2187500067908937
2018-12-11,0.2083333501488797
2018-12-12,0.2187500067908937
2018-12-13,0.2083333501488797
2018-12-14,0.19791666246278009
2018-12-17,0.16666666149265238
2018-12-18,0.16666666149265238
2018-12-19,0.16666666149265238
2018-12-20,0.16666666149265238
2018-12-21,0.14583334820862434
2018-12-24,0.14583334820862434
2018-12-27,0.13541666052252474
2018-12-28,0.14583334820862434
2018-12-31,0.14583334820862434
2019-01-02,0.14583334820862434
2019-01-03,0.12500000388051066
2019-01-04,0.11458334723849664
2019-01-07,0.12500000388051066
2019-01-08,0.11458334723849664
2019-01-09,0.12500000388051066
2019-01-10,0.14583334820862434
2019-01-11,0.13541666052252474
2019-01-14,0.12500000388051066
2019-01-15,0.12500000388051066
2019-01-16,0.11458334723849664
2019-01-17,0.10416665955239704
2019-01-18,0.11458334723849664
2019-01-21,0.11458334723849664
2019-01-22,0.10416665955239704
2019-01-23,0.11458334723849664
2019-01-24,0.11458334723849664
2019-01-25,0.10416665955239704
2019-01-28,0.11458334723849664
2019-01-29,0.10416665955239704
2019-01-30,0.10416665955239704
2019-01-31,0.10416665955239704
2019-02-01,0.10416665955239704
2019-02-04,0.10416665955239704
2019-02-05,0.12500000388051066
2019-02-06,0.12500000388051066
2019-02-07,0.12500000388051066
2019-02-08,0.13541666052252474
2019-02-11,0.12500000388051066
2019-02-12,0.12500000388051066
2019-02-13,0.12500000388051066
2019-02-14,0.12500000388051066
2019-02-15,0.13541666052252474
2019-02-19,0.12500000388051066
2019-02-20,0.12500000388051066
2019-02-21,0.12500000388051066
2019-02-22,0.13541666052252474
2019-02-25,0.13541666052252474
2019-02-26,0.13541666052252474
2019-02-27,0.13541666052252474
2019-02-28,0.12500000388051066
2019-03-01,0.10416665955239704
2019-03-04,0.10416665955239704
2019-03-05,0.10416665955239704
2019-03-06,0.10416665955239704
2019-03-07,0.09375000291038302
2019-03-08,0.09375000291038302
2019-03-11,0.09375000291038302
2019-03-12,0.09375000291038302
2019-03-13,0.09375000291038302
2019-03-14,0.11458334723849664
2019-03-15,0.15625000485063836
2019-03-18,0.14583334820862434
2019-03-19,0.15625000485063836
2019-03-20,0.16666666149265238
2019-03-21,0.15625000485063836
2019-03-22,0.15625000485063836
2019-03-25,0.16666666149265238
2019-03-26,0.15625000485063836
2019-03-27,0.16666666149265238
2019-03-28,0.16666666149265238
2019-03-29,0.16666666149265238
2019-04-01,0.16666666149265238
2019-04-02,0.16666666149265238
2019-04-03,0.16666666149265238
2019-04-04,0.187500005820766
2019-04-05,0.22916666343290773
2019-04-08,0.2500000077610214
2019-04-09,0.2500000077610214
2019-04-10,0.23958332007492175
2019-04-11,0.23958332007492175
2019-04-12,0.2500000077610214
2019-04-15,0.19791666246278009
2019-04-16,0.2083333501488797
2019-04-17,0.187500005820766
2019-04-18,0.2083333501488797
2019-04-22,0.2083333501488797
2019-04-23,0.2187500067908937
2019-04-24,0.2187500067908937
2019-04-25,0.2187500067908937
2019-04-26,0.2083333501488797
2019-04-29,0.2187500067908937
2019-04-30,0.2083333501488797
2019-05-01,0.2083333501488797
2019-05-02,0.19791666246278009
2019-05-03,0.2083333501488797
2019-05-06,0.187500005820766
2019-05-07,0.187500005820766
2019-05-08,0.187500005820766
2019-05-09,0.19791666246278009
2019-05-10,0.187500005820766
2019-05-13,0.16666666149265238
2019-05-14,0.16666666149265238
2019-05-15,0.16666666149265238
2019-05-16,0.16666666149265238
2019-05-17,0.16666666149265238
2019-05-21,0.19791666246278009
2019-05-22,0.19791666246278009
2019-05-23,0.187500005820766
2019-05-24,0.187500005820766
2019-05-27,0.187500005820766
2019-05-28,0.177083349178752
2019-05-29,0.177083349178752
2019-05-30,0.177083349178752
2019-05-31,0.177083349178752
2019-06-03,0.177083349178752
2019-06-04,0.187500005820766
2019-06-05,0.16666666149265238
2019-06-06,0.15625000485063836
2019-06-07,0.16666666149265238
2019-06-10,0.16666666149265238
2019-06-11,0.15625000485063836
2019-06-12,0.16666666149265238
2019-06-13,0.14583334820862434
2019-06-14,0.14583334820862434
2019-06-17,0.14583334820862434
2019-06-18,0.13541666052252474
2019-06-19,0.14583334820862434
2019-06-20,0.14583334820862434
2019-06-21,0.14583334820862434
2019-06-24,0.14583334820862434
2019-06-25,0.14583334820862434
2019-06-26,0.14583334820862434
2019-06-27,0.14583334820862434
2019-06-28,0.15625000485063836
2019-07-02,0.14583334820862434
2019-07-03,0.14583334820862434
2019-07-04,0.14583334820862434
2019-07-05,0.15625000485063836
2019-07-08,0.16666666149265238
2019-07-09,0.177083349178752
2019-07-10,0.187500005820766
2019-07-11,0.2083333501488797
2019-07-12,0.2187500067908937
2019-07-15,0.187500005820766
2019-07-16,0.19791666246278009
2019-07-17,0.19791666246278009
2019-07-18,0.16666666149265238
2019-07-19,0.16666666149265238
2019-07-22,0.177083349178752
2019-07-23,0.187500005820766
2019-07-24,0.177083349178752
2019-07-25,0.15625000485063836
2019-07-26,0.14583334820862434
2019-07-29,0.15625000485063836
2019-07-30,0.16666666149265238
2019-07-31,0.2083333501488797
2019-08-01,0.187500005820766
2019-08-02,0.187500005820766
2019-08-06,0.177083349178752
2019-08-07,0.15625000485063836
2019-08-08,0.15625000485063836
2019-08-09,0.15625000485063836
2019-08-12,0.15625000485063836
2019-08-13,0.16666666149265238
2019-08-14,0.12500000388051066
2019-08-15,0.13541666052252474
2019-08-16,0.13541666052252474
2019-08-19,0.13541666052252474
2019-08-20,0.13541666052252474
2019-08-21,0.13541666052252474
2019-08-22,0.13541666052252474
2019-08-23,0.12500000388051066
2019-08-26,0.11458334723849664
2019-08-27,0.11458334723849664
2019-08-28,0.10416665955239704
2019-08-29,0.13541666052252474
2019-08-30,0.187500005820766
2019-09-03,0.177083349178752
2019-09-04,0.177083349178752
2019-09-05,0.15625000485063836
2019-09-06,0.14583334820862434
2019-09-09,0.14583334820862434
2019-09-10,0.14583334820862434
2019-09-11,0.14583334820862434
2019-09-12,0.15625000485063836
2019-09-13,0.16666666149265238
2019-09-16,0.14583334820862434
2019-09-17,0.14583334820862434
2019-09-18,0.14583334820862434
2019-09-19,0.13541666052252474
2019-09-20,0.13541666052252474
2019-09-23,0.13541666052252474
2019-09-24,0.12500000388051066
2019-09-25,0.13541666052252474
2019-09-26,0.15625000485063836
2019-09-27,0.16666666149265238
2019-09-30,0.16666666149265238
2019-10-01,0.177083349178752
2019-10-02,0.16666666149265238
2019-10-03,0.15625000485063836
2019-10-04,0.15625000485063836
2019-10-07,0.14583334820862434
2019-10-08,0.14583334820862434
2019-10-09,0.13541666052252474
2019-10-10,0.14583334820862434
2019-10-11,0.12500000388051066
2019-10-15,0.13541666052252474
2019-10-16,0.13541666052252474
2019-10-17,0.12500000388051066
2019-10-18,0.12500000388051066
2019-10-21,0.12500000388051066
2019-10-22,0.12500000388051066
2019-10-23,0.12500000388051066
2019-10-24,0.11458334723849664
2019-10-25,0.12500000388051066
2019-10-28,0.12500000388051066
2019-10-29,0.12500000388051066
2019-10-30,0.12500000388051066
2019-10-31,0.12500000388051066
2019-11-01,0.12500000388051066
2019-11-04,0.12500000388051066
2019-11-05,0.12500000388051066
2019-11-06,0.12500000388051066
2019-11-07,0.12500000388051066
2019-11-08,0.11458334723849664
2019-11-11,0.12500000388051066
2019-11-12,0.12500000388051066
2019-11-13,0.12500000388051066
2019-11-14,0.12500000388051066
2019-11-15,0.12500000388051066
2019-11-18,0.12500000388051066
2019-11-19,0.12500000388051066
2019-11-20,0.12500000388051066
2019-11-21,0.12500000388051066
2019-11-22,0.11458334723849664
2019-11-25,0.11458334723849664
2019-11-26,0.11458334723849664
2019-11-27,0.11458334723849664
2019-11-28,0.11458334723849664
2019-11-29,0.11458334723849664
2019-12-02,0.11458334723849664
2019-12-03,0.12500000388051066
2019-12-04,0.11458334723849664
2019-12-05,0.11458334723849664
2019-12-06,0.11458334723849664
2019-12-09,0.12500000388051066
2019-12-10,0.11458334723849664
2019-12-11,0.11458334723849664
2019-12-12,0.12500000388051066
2019-12-13,0.10416665955239704
2019-12-16,0.10416665955239704
2019-12-17,0.11458334723849664
2019-12-18,0.11458334723849664
2019-12-19,0.11458334723849664
2019-12-20,0.12500000388051066
2019-12-23,0.12500000388051066
2019-12-24,0.12500000388051066
2019-12-27,0.14583334820862434
2019-12-30,0.12500000388051066
2019-12-31,0.16666666149265238
2020-01-02,0.16666666149265238
2020-01-03,0.177083349178752
2020-01-06,0.15625000485063836
2020-01-07,0.14583334820862434
2020-01-08,0.14583334820862434
2020-01-09,0.12500000388051066
2020-01-10,0.14583334820862434
2020-01-13,0.13541666052252474
2020-01-14,0.13541666052252474
2020-01-15,0.15625000485063836
2020-01-16,0.14583334820862434
2020-01-17,0.13541666052252474
2020-01-20,0.14583334820862434
2020-01-21,0.13541666052252474
2020-01-22,0.13541666052252474
2020-01-23,0.11458334723849664
2020-01-24,0.11458334723849664
2020-01-27,0.11458334723849664
2020-01-28,0.10416665955239704
2020-01-29,0.11458334723849664
2020-01-30,0.10416665955239704
2020-01-31,0.09375000291038302
2020-02-03,0.0833333307463262
2020-02-04,0.09375000291038302
2020-02-05,0.09375000291038302
2020-02-06,0.09375000291038302
2020-02-07,0.09375000291038302
2020-02-10,0.09375000291038302
2020-02-11,0.09375000291038302
2020-02-12,0.10416665955239704
2020-02-13,0.11458334723849664
2020-02-14,0.10416665955239704
2020-02-18,0.09375000291038302
2020-02-19,0.09375000291038302
2020-02-20,0.10416665955239704
2020-02-21,0.09375000291038302
2020-02-24,0.09375000291038302
2020-02-25,0.0833333307463262
2020-02-26,0.09375000291038302
2020-02-27,0.10416665955239704
2020-02-28,0.11458334723849664
2020-03-02,0.10416665955239704
2020-03-03,0.09375000291038302
2020-03-04,0.10416665955239704
2020-03-05,0.10416665955239704
2020-03-06,0.0833333307463262
2020-03-09,0.06250000194025535
2020-03-10,0.052083329776198534
2020-03-11,0.041666673134184484
2020-03-12,0.03125000097012767
2020-03-13,0.041666673134184484
2020-03-16,0.02083334432811365
2020-03-17,0.041666673134184484
2020-03-18,0.010416672164056812
2020-03-19,0.02083334432811365
2020-03-20,0.010416672164056812
2020-03-23,0.0
2020-03-24,0.041666673134184484
2020-03-25,0.06250000194025535
2020-03-26,0.052083329776198534
2020-03-27,0.06250000194025535
2020-03-30,0.0833333307463262
2020-03-31,0.09375000291038302
2020-04-01,0.09375000291038302
2020-04-02,0.10416665955239704
2020-04-03,0.10416665955239704
2020-04-06,0.0833333307463262
2020-04-07,0.11458334723849664
2020-04-08,0.11458334723849664
2020-04-09,0.12500000388051066
2020-04-13,0.10416665955239704
2020-04-14,0.13541666052252474
2020-04-15,0.14583334820862434
2020-04-16,0.187500005820766
2020-04-17,0.19791666246278009
2020-04-20,0.177083349178752
2020-04-21,0.177083349178752
2020-04-22,0.177083349178752
2020-04-23,0.16666666149265238
2020-04-24,0.177083349178752
2020-04-27,0.177083349178752
2020-04-28,0.177083349178752
2020-04-29,0.177083349178752
2020-04-30,0.16666666149265238
2020-05-01,0.16666666149265238
2020-05-04,0.16666666149265238
2020-05-05,0.16666666149265238
2020-05-06,0.16666666149265238
2020-05-07,0.16666666149265238
2020-05-08,0.16666666149265238
2020-05-11,0.16666666149265238
2020-05-12,0.16666666149265238
2020-05-13,0.13541666052252474
2020-05-14,0.13541666052252474
2020-05-15,0.14583334820862434
2020-05-19,0.14583334820862434
2020-05-20,0.14583334820862434
2020-05-21,0.13541666052252474
2020-05-22,0.13541666052252474
2020-05-25,0.13541666052252474
2020-05-26,0.13541666052252474
2020-05-27,0.13541666052252474
2020-05-28,0.13541666052252474
2020-05-29,0.15625000485063836
2020-06-01,0.13541666052252474
2020-06-02,0.13541666052252474
2020-06-03,0.12500000388051066
2020-06-04,0.13541666052252474
2020-06-05,0.12500000388051066
2020-06-08,0.11458334723849664
2020-06-09,0.10416665955239704
2020-06-10,0.10416665955239704
2020-06-11,0.09375000291038302
2020-06-12,0.09375000291038302
2020-06-15,0.09375000291038302
2020-06-16,0.10416665955239704
2020-06-17,0.09375000291038302
2020-06-18,0.09375000291038302
2020-06-19,0.09375000291038302
2020-06-22,0.09375000291038302
2020-06-23,0.11458334723849664
2020-06-24,0.13541666052252474
2020-06-25,0.14583334820862434
2020-06-26,0.14583334820862434
2020-06-29,0.13541666052252474
2020-06-30,0.14583334820862434
2020-07-02,0.16666666149265238
2020-07-03,0.177083349178752
2020-07-06,0.19791666246278009
2020-07-07,0.177083349178752
2020-07-08,0.15625000485063836
2020-07-09,0.13541666052252474
2020-07-10,0.11458334723849664
2020-07-13,0.12500000388051066
2020-07-14,0.12500000388051066
2020-07-15,0.13541666052252474
2020-07-16,0.13541666052252474
2020-07-17,0.13541666052252474
2020-07-20,0.187500005820766
2020-07-21,0.177083349178752
2020-07-22,0.16666666149265238
2020-07-23,0.16666666149265238
2020-07-24,0.15625000485063836
2020-07-27,0.177083349178752
2020-07-28,0.14583334820862434
2020-07-29,0.14583334820862434
2020-07-30,0.13541666052252474
2020-07-31,0.14583334820862434
2020-08-04,0.16666666149265238
2020-08-05,0.16666666149265238
2020-08-06,0.13541666052252474
2020-08-07,0.13541666052252474
2020-08-10,0.12500000388051066
2020-08-11,0.11458334723849664
2020-08-12,0.12500000388051066
2020-08-13,0.11458334723849664
2020-08-14,0.11458334723849664
2020-08-17,0.12500000388051066
2020-08-18,0.13541666052252474
2020-08-19,0.10416665955239704
2020-08-20,0.10937498787340408
2020-08-21,0.12500000388051066
2020-08-24,0.11458334723849664
2020-08-25,0.11458334723849664
2020-08-26,0.12500000388051066
2020-08-27,0.12500000388051066
2020-08-28,0.12500000388051066
2020-08-31,0.12500000388051066
2020-09-01,0.12500000388051066
2020-09-02,0.11458334723849664
2020-09-03,0.11458334723849664
2020-09-04,0.10416665955239704
2020-09-08,0.10416665955239704
2020-09-09,0.11458334723849664
2020-09-10,0.11458334723849664
2020-09-11,0.12500000388051066
2020-09-14,0.11458334723849664
2020-09-15,0.11458334723849664
2020-09-16,0.13541666052252474
2020-09-17,0.12500000388051066
2020-09-18,0.14583334820862434
2020-09-21,0.13541666052252474
2020-09-22,0.11458334723849664
2020-09-23,0.09375000291038302
2020-09-24,0.10416665955239704
2020-09-25,0.10416665955239704
2020-09-28,0.12500000388051066
2020-09-29,0.11458334723849664
2020-09-30,0.10416665955239704
2020-10-01,0.11458334723849664
2020-10-02,0.09375000291038302
2020-10-05,0.12500000388051066
2020-10-06,0.11458334723849664
2020-10-07,0.11458334723849664
2020-10-08,0.11458334723849664
2020-10-09,0.11458334723849664
2020-10-13,0.09375000291038302
2020-10-14,0.10416665955239704
2020-10-15,0.09375000291038302
2020-10-16,0.10416665955239704
2020-10-19,0.10416665955239704
2020-10-20,0.10416665955239704
2020-10-21,0.12500000388051066
2020-10-22,0.11458334723849664
2020-10-23,0.11458334723849664
2020-10-26,0.12500000388051066
2020-10-27,0.10416665955239704
2020-10-28,0.09375000291038302
2020-10-29,0.10416665955239704
2020-10-30,0.11458334723849664
2020-11-02,0.10416665955239704
2020-11-03,0.0833333307463262
2020-11-04,0.0833333307463262
2020-11-05,0.09375000291038302
2020-11-06,0.09375000291038302
2020-11-09,0.0833333307463262
2020-11-10,0.09375000291038302
2020-11-11,0.11458334723849664
2020-11-12,0.12500000388051066
2020-11-13,0.13541666052252474
2020-11-16,0.13541666052252474
2020-11-17,0.12500000388051066
2020-11-18,0.12500000388051066
2020-11-19,0.11458334723849664
2020-11-20,0.12500000388051066
2020-11-23,0.10416665955239704
2020-11-24,0.13541666052252474
2020-11-25,0.14583334820862434
2020-11-26,0.14583334820862434
2020-11-27,0.13541666052252474
2020-11-30,0.12500000388051066
2020-12-01,0.11458334723849664
2020-12-02,0.13541666052252474
2020-12-03,0.14583334820862434
2020-12-04,0.177083349178752
2020-12-07,0.19791666246278009
2020-12-08,0.19791666246278009
2020-12-09,0.16666666149265238
2020-12-10,0.2083333501488797
2020-12-11,0.2083333501488797
2020-12-14,0.2500000077610214
2020-12-15,0.22916666343290773
2020-12-16,0.2500000077610214
2020-12-17,0.2500000077610214
2020-12-18,0.2500000077610214
2020-12-21,0.22916666343290773
2020-12-22,0.22916666343290773
2020-12-23,0.23958332007492175
2020-12-24,0.281250008731149
2020-12-29,0.30208332201517707
2020-12-30,0.3333333229853048
2020-12-31,0.31250000970127667
2021-01-04,0.30208332201517707
2021-01-05,0.32291666634329075
2021-01-06,0.3854166372394605
2021-01-07,0.4062500126116597
2021-01-08,0.36458332395543247
2021-01-11,0.37499998059744644
2021-01-12,0.3333333229853048
2021-01-13,0.3437500106714043
2021-01-14,0.3854166372394605
2021-01-15,0.36458332395543247
2021-01-18,0.37499998059744644
2021-01-19,0.37499998059744644
2021-01-20,0.4166666692536737
2021-01-21,0.4166666692536737
2021-01-22,0.37499998059744644
2021-01-25,0.43749998253770184
2021-01-26,0.4166666692536737
2021-01-27,0.39583335596964564
2021-01-28,0.4062500126116597
2021-01-29,0.3437500106714043
2021-02-01,0.3854166372394605
2021-02-02,0.39583335596964564
2021-02-03,0.4791666711939291
2021-02-04,0.4999999844779571
2021-02-05,0.5312500164921704
2021-02-08,0.5624999864182125
2021-02-09,0.6041666750744398
2021-02-10,0.6041666750744398
2021-02-11,0.5624999864182125
2021-02-12,0.5729166430602265
2021-02-16,0.6354166450004819
2021-02-17,0.5833333617904117
2021-02-18,0.468750014551915
2021-02-19,0.4479166391797158
2021-02-22,0.45833335790990104
2021-02-23,0.4479166391797158
2021-02-24,0.4479166391797158
2021-02-25,0.4166666692536737
2021-02-26,0.42708332589568776
2021-03-01,0.4479166391797158
2021-03-02,0.4791666711939291
2021-03-03,0.42708332589568776
2021-03-04,0.37499998059744644
2021-03-05,0.39583335596964564
2021-03-08,0.39583335596964564
2021-03-09,0.468750014551915
2021-03-10,0.45833335790990104
2021-03-11,0.468750014551915
2021-03-12,0.468750014551915
2021-03-15,0.4999999844779571
2021-03-16,0.5104166411199712
2021-03-17,0.4791666711939291
2021-03-18,0.45833335790990104
2021-03-19,0.4479166391797158
2021-03-22,0.468750014551915
2021-03-23,0.4479166391797158
2021-03-24,0.43749998253770184
2021-03-25,0.43749998253770184
2021-03-26,0.42708332589568776
2021-03-29,0.4062500126116597
2021-03-30,0.4062500126116597
2021-03-31,0.2708333210450494
2021-04-01,0.43749998253770184
2021-04-05,0.45833335790990104
2021-04-06,0.468750014551915
2021-04-07,0.42708332589568776
2021-04-08,0.45833335790990104
2021-04-09,0.43749998253770184
2021-04-12,0.43749998253770184
2021-04-13,0.39583335596964564
2021-04-14,0.4062500126116597
2021-04-15,0.4062500126116597
2021-04-16,0.4166666692536737
2021-04-19,0.3854166372394605
2021-04-20,0.39583335596964564
2021-04-21,0.4166666692536737
2021-04-22,0.39583335596964564
2021-04-23,0.39583335596964564
2021-04-26,0.42708332589568776
2021-04-27,0.4166666692536737
2021-04-28,0.4479166391797158
2021-04-29,0.468750014551915
2021-04-30,0.45833335790990104
2021-05-03,0.47395834287292204
2021-05-04,0.45833335790990104
2021-05-05,0.48958332783594316
2021-05-06,0.4791666711939291
2021-05-07,0.48958332783594316
2021-05-10,0.5208333598501563
2021-05-11,0.48958332783594316
2021-05-12,0.45833335790990104
2021-05-13,0.4166666692536737
2021-05-14,0.4479166391797158
2021-05-17,0.45833335790990104
2021-05-18,0.468750014551915
2021-05-19,0.45833335790990104
2021-05-20,0.4479166391797158
2021-05-21,0.43749998253770184
2021-05-25,0.43749998253770184
2021-05-26,0.4218749975746807
2021-05-27,0.43749998253770184
2021-05-28,0.468750014551915
2021-05-31,0.468750014551915
2021-06-01,0.48958332783594316
2021-06-02,0.468750014551915
2021-06-03,0.4479166391797158
2021-06-04,0.45833335790990104
2021-06-07,0.4166666692536737
2021-06-08,0.4166666692536737
2021-06-09,0.4322916542166948
2021-06-10,0.45833335790990104
2021-06-11,0.42708332589568776
2021-06-14,0.4166666692536737
2021-06-15,0.4218749975746807
2021-06-16,0.4062500126116597
2021-06-17,0.4062500126116597
2021-06-18,0.39583335596964564
2021-06-21,0.36458332395543247
2021-06-22,0.3437500106714043
2021-06-23,0.3541666673134184
2021-06-24,0.39583335596964564
2021-06-25,0.4062500126116597
2021-06-28,0.4010416842906527
2021-06-29,0.36458332395543247
2021-06-30,0.468750014551915
2021-07-02,0.43749998253770184
2021-07-05,0.42708332589568776
2021-07-06,0.39583335596964564
2021-07-07,0.3854166372394605
2021-07-08,0.3541666673134184
2021-07-09,0.35937499563442543
2021-07-12,0.36458332395543247
2021-07-13,0.3333333229853048
2021-07-14,0.3437500106714043
2021-07-15,0.32291666634329075
2021-07-16,0.30208332201517707
2021-07-19,0.26041666440303546
2021-07-20,0.2916666653731631
2021-07-21,0.30208332201517707
2021-07-22,0.31250000970127667
2021-07-23,0.31250000970127667
2021-07-26,0.31250000970127667
2021-07-27,0.31250000970127667
2021-07-28,0.32291666634329075
2021-07-29,0.3437500106714043
2021-07-30,0.3333333229853048
2021-08-03,0.2916666653731631
2021-08-04,0.2916666653731631
2021-08-05,0.2916666653731631
2021-08-06,0.281250008731149
2021-08-09,0.26041666440303546
2021-08-10,0.2916666653731631
2021-08-11,0.2916666653731631
2021-08-12,0.281250008731149
2021-08-13,0.281250008731149
2021-08-16,0.26041666440303546
2021-08-17,0.26041666440303546
2021-08-18,0.281250008731149
2021-08-19,0.23958332007492175
2021-08-20,0.2500000077610214
2021-08-23,0.2916666653731631
2021-08-24,0.32291666634329075
2021-08-25,0.32291666634329075
2021-08-26,0.32291666634329075
2021-08-27,0.3437500106714043
2021-08-30,0.37499998059744644
2021-08-31,0.4062500126116597
2021-09-01,0.42708332589568776
2021-09-02,0.5156249694409782
2021-09-03,0.5833333617904117
2021-09-07,0.6145833317164537
2021-09-08,0.6249999883584678
2021-09-09,0.6041666750744398
2021-09-10,0.7083333035827513
2021-09-13,0.8020833375372198
2021-09-14,0.8749999961194892
2021-09-15,0.9999999999999998
2021-09-16,0.9166666226875453
2021-09-17,0.8124999941792339
2021-09-20,0.6666666770146951
2021-09-21,0.7291666789549505
2021-09-22,0.6979166469407372
2021-09-23,0.6874999902987232
2021-09-24,0.6354166450004819
2021-09-27,0.7083333035827513
2021-09-28,0.6770833336567091
2021-09-29,0.6666666770146951
2021-09-30,0.5520833297761985
2021-10-01,0.5833333617904117
2021-10-04,0.6041666750744398
2021-10-05,0.6249999883584678
2021-10-06,0.5833333617904117
2021-10-07,0.6145833317164537
2021-10-08,0.5937500184324257
2021-10-12,0.7083333035827513
2021-10-13,0.7708333055230066
2021-10-14,0.7395833355969644
2021-10-15,0.7708333055230066
2021-10-18,0.8124999941792339
2021-10-19,0.8645833394774751
2021-10-20,0.9166666226875453
2021-10-21,0.854166682835461
2021-10-22,0.833333307463262
2021-10-25,0.854166682835461
2021-10-26,0.854166682835461
2021-10-27,0.7916666808952058
2021-10-28,0.7395833355969644
2021-10-29,0.7083333035827513
2021-11-01,0.7708333055230066
2021-11-02,0.7708333055230066
2021-11-03,0.8645833394774751
2021-11-04,0.8645833394774751
2021-11-05,0.854166682835461
2021-11-08,0.8749999961194892
2021-11-09,0.854166682835461
2021-11-10,0.833333307463262
2021-11-11,0.833333307463262
2021-11-12,0.8749999961194892
2021-11-15,0.833333307463262
2021-11-16,0.7604166488809926
2021-11-17,0.7499999922389785
2021-11-18,0.7291666789549505
2021-11-19,0.7291666789549505
2021-11-22,0.6458333016424959
2021-11-23,0.6562500203726811
2021-11-24,0.6562500203726811
2021-11-25,0.6458333016424959
2021-11-26,0.6874999902987232
2021-11-29,0.7083333035827513
2021-11-30,0.6458333016424959
2021-12-01,0.5937500184324257
2021-12-02,0.5729166430602265
2021-12-03,0.5208333598501563
2021-12-06,0.5624999864182125
2021-12-07,0.6770833336567091
2021-12-08,0.7291666789549505
2021-12-09,0.6874999902987232
2021-12-10,0.6145833317164537
2021-12-13,0.5624999864182125
2021-12-14,0.4999999844779571
2021-12-15,0.6249999883584678
2021-12-16,0.6354166450004819
2021-12-17,0.6249999883584678
2021-12-20,0.5729166430602265
2021-12-21,0.6249999883584678
2021-12-22,0.6510416920516741
2021-12-23,0.6666666770146951
2021-12-24,0.6666666770146951
2021-12-29,0.6041666750744398
2021-12-30,0.5520833297761985
2021-12-31,0.5729166430602265
2022-01-04,0.6458333016424959
2022-01-05,0.7291666789549505
2022-01-06,0.6666666770146951
2022-01-07,0.6562500203726811
2022-01-10,0.6041666750744398
2022-01-11,0.6041666750744398
2022-01-12,0.6145833317164537
2022-01-13,0.6041666750744398
2022-01-14,0.5729166430602265
2022-01-17,0.6041666750744398
2022-01-18,0.5416666731341844
2022-01-19,0.5312500164921704
2022-01-20,0.5208333598501563
2022-01-21,0.4999999844779571
2022-01-24,0.468750014551915
2022-01-25,0.4791666711939291
2022-01-26,0.45833335790990104
2022-01-27,0.4062500126116597
2022-01-28,0.45833335790990104
2022-01-31,0.4791666711939291
2022-02-01,0.5104166411199712
2022-02-02,0.4999999844779571
2022-02-03,0.4479166391797158
2022-02-04,0.4479166391797158
2022-02-07,0.4479166391797158
2022-02-08,0.453125029588894
2022-02-09,0.5312500164921704
2022-02-10,0.5520833297761985
2022-02-11,0.5416666731341844
2022-02-14,0.4999999844779571
2022-02-15,0.5416666731341844
2022-02-16,0.5104166411199712
2022-02-17,0.48958332783594316
2022-02-18,0.4791666711939291
2022-02-22,0.468750014551915
2022-02-23,0.48958332783594316
2022-02-24,0.5104166411199712
2022-02-25,0.6249999883584678
2022-02-28,0.6770833336567091
2022-03-01,0.7291666789549505
2022-03-02,0.7187500223129364
2022-03-03,0.6874999902987232
2022-03-04,0.6249999883584678
2022-03-07,0.6562500203726811
2022-03-08,0.7187500223129364
2022-03-09,0.7708333055230066
2022-03-10,0.7708333055230066
2022-03-11,0.7187500223129364
2022-03-14,0.6041666750744398
2022-03-15,0.6145833317164537
2022-03-16,0.5937500184324257
2022-03-17,0.6822916619777162
2022-03-18,0.6666666770146951
2022-03-21,0.7291666789549505
2022-03-22,0.7499999922389785
2022-03-23,0.7291666789549505
2022-03-24,0.7187500223129364
2022-03-25,0.7187500223129364
2022-03-28,0.6770833336567091
2022-03-29,0.7187500223129364
2022-03-30,0.7083333035827513
2022-03-31,0.7499999922389785
2022-04-01,0.7291666789549505
2022-04-04,0.6979166469407372
2022-04-05,0.7395833355969644
2022-04-06,0.7499999922389785
2022-04-07,0.8124999941792339
2022-04-08,0.8437500261934472
2022-04-11,0.833333307463262
2022-04-12,0.8437500261934472
2022-04-13,0.8645833394774751
2022-04-14,0.8229166508212479
2022-04-18,0.7604166488809926
2022-04-19,0.7291666789549505
2022-04-20,0.7916666808952058
2022-04-21,0.6874999902987232
2022-04-22,0.6510416920516741
2022-04-25,0.6145833317164537
2022-04-26,0.6145833317164537
2022-04-27,0.6145833317164537
2022-04-28,0.6458333016424959
2022-04-29,0.5937500184324257
2022-05-02,0.5729166430602265
2022-05-03,0.6145833317164537
2022-05-04,0.6249999883584678
2022-05-05,0.5416666731341844
2022-05-06,0.5624999864182125
2022-05-09,0.4479166391797158
2022-05-10,0.4479166391797158
2022-05-11,0.4479166391797158
2022-05-12,0.4062500126116597
2022-05-13,0.45833335790990104
2022-05-16,0.468750014551915
2022-05-17,0.4791666711939291
2022-05-18,0.4062500126116597
2022-05-19,0.4166666692536737
2022-05-20,0.42708332589568776
2022-05-24,0.4479166391797158
2022-05-25,0.45833335790990104
2022-05-26,0.48958332783594316
2022-05-27,0.48958332783594316
2022-05-30,0.4999999844779571
2022-05-31,0.468750014551915
2022-06-01,0.45833335790990104
2022-06-02,0.48958332783594316
2022-06-03,0.4791666711939291
2022-06-06,0.45833335790990104
2022-06-07,0.5416666731341844
2022-06-08,0.6041666750744398
2022-06-09,0.5312500164921704
2022-06-10,0.5208333598501563
2022-06-13,0.42708332589568776
2022-06-14,0.3854166372394605
2022-06-15,0.4062500126116597
2022-06-16,0.3541666673134184
2022-06-17,0.3437500106714043
2022-06-20,0.36458332395543247
2022-06-21,0.39583335596964564
2022-06-22,0.3437500106714043
2022-06-23,0.3437500106714043
2022-06-24,0.39583335596964564
2022-06-27,0.39583335596964564
2022-06-28,0.3854166372394605
2022-06-29,0.3333333229853048
2022-06-30,0.32291666634329075
2022-07-04,0.3541666673134184
2022-07-05,0.32291666634329075
2022-07-06,0.30208332201517707
2022-07-07,0.36458332395543247
2022-07-08,0.37499998059744644
2022-07-11,0.36458332395543247
2022-07-12,0.36458332395543247
2022-07-13,0.3541666673134184
2022-07-14,0.37499998059744644
2022-07-15,0.3854166372394605
2022-07-18,0.42708332589568776
2022-07-19,0.4791666711939291
2022-07-20,0.4999999844779571
2022-07-21,0.4166666692536737
2022-07-22,0.3854166372394605
2022-07-25,0.4062500126116597
2022-07-26,0.43749998253770184
2022-07-27,0.43749998253770184
2022-07-28,0.4479166391797158
2022-07-29,0.45833335790990104
2022-08-02,0.43749998253770184
2022-08-03,0.42708332589568776
2022-08-04,0.4166666692536737
2022-08-05,0.43749998253770184
2022-08-08,0.45833335790990104
2022-08-09,0.4479166391797158
2022-08-10,0.4479166391797158
2022-08-11,0.42708332589568776
2022-08-12,0.4166666692536737
2022-08-15,0.37499998059744644
2022-08-16,0.36458332395543247
2022-08-17,0.3333333229853048
2022-08-18,0.37499998059744644
2022-08-19,0.3541666673134184
2022-08-22,0.36458332395543247
2022-08-23,0.3854166372394605
2022-08-24,0.468750014551915
2022-08-25,0.45833335790990104
2022-08-26,0.39583335596964564
2022-08-29,0.468750014551915
2022-08-30,0.4791666711939291
2022-08-31,0.468750014551915
2022-09-01,0.42708332589568776
2022-09-02,0.4062500126116597
2022-09-06,0.43749998253770184
2022-09-07,0.4479166391797158
2022-09-08,0.48958332783594316
2022-09-09,0.48958332783594316
2022-09-12,0.4999999844779571
2022-09-13,0.48958332783594316
2022-09-14,0.48958332783594316
2022-09-15,0.42708332589568776
2022-09-16,0.4166666692536737
2022-09-19,0.39583335596964564
2022-09-20,0.37499998059744644
2022-09-21,0.3541666673134184
2022-09-22,0.3541666673134184
2022-09-23,0.32291666634329075
2022-09-26,0.30208332201517707
2022-09-27,0.3333333229853048
2022-09-28,0.36458332395543247
2022-09-29,0.32291666634329075
2022-09-30,0.31250000970127667
2022-10-03,0.3437500106714043
2022-10-04,0.31250000970127667
2022-10-05,0.31250000970127667
2022-10-06,0.31250000970127667
2022-10-07,0.2916666653731631
2022-10-11,0.281250008731149
2022-10-12,0.2916666653731631
2022-10-13,0.3333333229853048
2022-10-14,0.30208332201517707
2022-10-17,0.32291666634329075
2022-10-18,0.2916666653731631
2022-10-19,0.2916666653731631
2022-10-20,0.2916666653731631
2022-10-21,0.2916666653731631
2022-10-24,0.2708333210450494
2022-10-25,0.30208332201517707
2022-10-26,0.31250000970127667
2022-10-27,0.3333333229853048
2022-10-28,0.31250000970127667
2022-10-31,0.31250000970127667
2022-11-01,0.31250000970127667
2022-11-02,0.31250000970127667
2022-11-03,0.30208332201517707
2022-11-04,0.281250008731149
2022-11-07,0.31250000970127667
2022-11-08,0.31250000970127667
2022-11-09,0.2708333210450494
2022-11-10,0.2916666653731631
2022-11-11,0.31250000970127667
2022-11-14,0.30208332201517707
2022-11-15,0.30208332201517707
2022-11-16,0.281250008731149
2022-11-17,0.281250008731149
2022-11-18,0.281250008731149
2022-11-21,0.2708333210450494
2022-11-22,0.2500000077610214
2022-11-23,0.2708333210450494
2022-11-24,0.2708333210450494
2022-11-25,0.26041666440303546
2022-11-28,0.26041666440303546
2022-11-29,0.26041666440303546
2022-11-30,0.2916666653731631
2022-12-01,0.281250008731149
2022-12-02,0.281250008731149
2022-12-05,0.26041666440303546
2022-12-06,0.26041666440303546
2022-12-07,0.2500000077610214
2022-12-08,0.2708333210450494
2022-12-09,0.26041666440303546
2022-12-12,0.2500000077610214
2022-12-13,0.2500000077610214
2022-12-14,0.23958332007492175
2022-12-15,0.2187500067908937
2022-12-16,0.22916666343290773
2022-12-19,0.2187500067908937
2022-12-20,0.22916666343290773
2022-12-21,0.22916666343290773
2022-12-22,0.22916666343290773
2022-12-23,0.2187500067908937
2022-12-28,0.2187500067908937
2022-12-29,0.2187500067908937
2022-12-30,0.2083333501488797
2023-01-03,0.22916666343290773
2023-01-04,0.281250008731149
2023-01-05,0.26041666440303546
2023-01-06,0.32291666634329075
2023-01-09,0.3541666673134184
2023-01-10,0.3541666673134184
2023-01-11,0.3541666673134184
2023-01-12,0.3541666673134184
2023-01-13,0.3541666673134184
2023-01-16,0.3541666673134184
2023-01-17,0.3541666673134184
2023-01-18,0.2916666653731631
2023-01-19,0.26041666440303546
2023-01-20,0.30208332201517707
2023-01-23,0.31250000970127667
2023-01-24,0.3333333229853048
2023-01-25,0.3333333229853048
2023-01-26,0.3437500106714043
2023-01-27,0.32291666634329075
2023-01-30,0.3333333229853048
2023-01-31,0.3333333229853048
2023-02-01,0.32291666634329075
2023-02-02,0.32291666634329075
2023-02-03,0.30208332201517707
2023-02-06,0.2708333210450494
2023-02-07,0.2708333210450494
2023-02-08,0.26041666440303546
2023-02-09,0.26041666440303546
2023-02-10,0.281250008731149
2023-02-13,0.31250000970127667
2023-02-14,0.281250008731149
2023-02-15,0.2916666653731631
2023-02-16,0.2916666653731631
2023-02-17,0.2916666653731631
2023-02-21,0.2500000077610214
2023-02-22,0.26041666440303546
2023-02-23,0.30208332201517707
2023-02-24,0.30208332201517707
2023-02-27,0.2916666653731631
2023-02-28,0.2916666653731631
2023-03-01,0.281250008731149
2023-03-02,0.26041666440303546
2023-03-03,0.2708333210450494
2023-03-06,0.2500000077610214
2023-03-07,0.2500000077610214
2023-03-08,0.2187500067908937
2023-03-09,0.22916666343290773
2023-03-10,0.2187500067908937
2023-03-13,0.187500005820766
2023-03-14,0.19791666246278009
2023-03-15,0.177083349178752
2023-03-16,0.177083349178752
2023-03-17,0.15625000485063836
2023-03-20,0.177083349178752
2023-03-21,0.187500005820766
2023-03-22,0.187500005820766
2023-03-23,0.187500005820766
2023-03-24,0.177083349178752
2023-03-27,0.177083349178752
2023-03-28,0.187500005820766
2023-03-29,0.22916666343290773
2023-03-30,0.2500000077610214
2023-03-31,0.281250008731149
2023-04-03,0.2708333210450494
2023-04-04,0.2500000077610214
2023-04-05,0.22916666343290773
2023-04-06,0.2708333210450494
2023-04-10,0.2916666653731631
2023-04-11,0.26041666440303546
2023-04-12,0.2916666653731631
2023-04-13,0.2916666653731631
2023-04-14,0.2500000077610214
2023-04-17,0.2708333210450494
2023-04-18,0.2916666653731631
2023-04-19,0.281250008731149
2023-04-20,0.26041666440303546
2023-04-21,0.177083349178752
2023-04-24,0.15625000485063836
2023-04-25,0.15625000485063836
2023-04-26,0.15625000485063836
2023-04-27,0.187500005820766
2023-04-28,0.177083349178752
2023-05-01,0.187500005820766
2023-05-02,0.177083349178752
2023-05-03,0.16666666149265238
2023-05-04,0.16666666149265238
2023-05-05,0.177083349178752
2023-05-08,0.177083349178752
2023-05-09,0.187500005820766
2023-05-10,0.187500005820766
2023-05-11,0.177083349178752
2023-05-12,0.187500005820766
2023-05-15,0.16666666149265238
2023-05-16,0.13541666052252474
2023-05-17,0.12500000388051066
2023-05-18,0.11458334723849664
2023-05-19,0.12500000388051066
2023-05-23,0.12500000388051066
2023-05-24,0.10416665955239704
2023-05-25,0.09375000291038302
2023-05-26,0.09375000291038302
2023-05-29,0.11458334723849664
2023-05-30,0.09375000291038302
2023-05-31,0.0833333307463262
2023-06-01,0.13541666052252474
2023-06-02,0.16666666149265238
2023-06-05,0.14583334820862434
2023-06-06,0.14583334820862434
2023-06-07,0.14583334820862434
2023-06-08,0.14583334820862434
2023-06-09,0.14583334820862434
2023-06-12,0.15625000485063836
2023-06-13,0.14583334820862434
2023-06-14,0.14583334820862434
2023-06-15,0.14583334820862434
2023-06-16,0.16666666149265238
2023-06-19,0.14583334820862434
2023-06-20,0.13541666052252474
2023-06-21,0.12500000388051066
2023-06-22,0.12500000388051066
2023-06-23,0.11458334723849664
2023-06-26,0.11458334723849664
2023-06-27,0.09375000291038302
2023-06-28,0.10416665955239704
2023-06-29,0.10416665955239704
2023-06-30,0.10416665955239704
2023-07-04,0.10416665955239704
2023-07-05,0.11458334723849664
2023-07-06,0.0833333307463262
2023-07-07,0.10416665955239704
2023-07-10,0.10416665955239704
2023-07-11,0.10416665955239704
2023-07-12,0.13541666052252474
2023-07-13,0.177083349178752
2023-07-14,0.15625000485063836
2023-07-17,0.15625000485063836
2023-07-18,0.15625000485063836
2023-07-19,0.15625000485063836
2023-07-20,0.14583334820862434
2023-07-21,0.14583334820862434
2023-07-24,0.14583334820862434
2023-07-25,0.15625000485063836
2023-07-26,0.13541666052252474
2023-07-27,0.10416665955239704
2023-07-28,0.07291667410431216
2023-07-31,0.0833333307463262
2023-08-01,0.07291667410431216
2023-08-02,0.07291667410431216
2023-08-03,0.0833333307463262
2023-08-04,0.0833333307463262
2023-08-08,0.06250000194025535
2023-08-09,0.06250000194025535
2023-08-10,0.0833333307463262
2023-08-11,0.07291667410431216
2023-08-14,0.07291667410431216
2023-08-15,0.07291667410431216
2023-08-16,0.07291667410431216
2023-08-17,0.07291667410431216
2023-08-18,0.06250000194025535
2023-08-21,0.07291667410431216
2023-08-22,0.0833333307463262
2023-08-23,0.0833333307463262
2023-08-24,0.09375000291038302
2023-08-25,0.10416665955239704
2023-08-28,0.11458334723849664
2023-08-29,0.11458334723849664
2023-08-30,0.11458334723849664
2023-08-31,0.12500000388051066
2023-09-01,0.11458334723849664
2023-09-05,0.14583334820862434
2023-09-06,0.14583334820862434
2023-09-07,0.13541666052252474
2023-09-08,0.11458334723849664
2023-09-11,0.11458334723849664
2023-09-12,0.12500000388051066
2023-09-13,0.11458334723849664
2023-09-14,0.13541666052252474
2023-09-15,0.14583334820862434
2023-09-18,0.14583334820862434
2023-09-19,0.14583334820862434
2023-09-20,0.13541666052252474
2023-09-21,0.12500000388051066
2023-09-22,0.13541666052252474
2023-09-25,0.187500005820766
2023-09-26,0.19791666246278009
2023-09-27,0.2187500067908937
2023-09-28,0.2187500067908937
2023-09-29,0.2187500067908937
2023-10-02,0.19791666246278009
2023-10-03,0.16666666149265238
2023-10-04,0.16666666149265238
2023-10-05,0.19791666246278009
2023-10-06,0.187500005820766
2023-10-10,0.16666666149265238
2023-10-11,0.15625000485063836
2023-10-12,0.16666666149265238
2023-10-13,0.16666666149265238
2023-10-16,0.16666666149265238
2023-10-17,0.16666666149265238
2023-10-18,0.15625000485063836
2023-10-19,0.15625000485063836
2023-10-20,0.177083349178752
2023-10-23,0.187500005820766
2023-10-24,0.187500005820766
2023-10-25,0.187500005820766
2023-10-26,0.187500005820766
2023-10-27,0.14583334820862434
2023-10-30,0.14583334820862434
2023-10-31,0.16666666149265238
2023-11-01,0.19791666246278009
2023-11-02,0.19791666246278009
2023-11-03,0.177083349178752
2023-11-06,0.187500005820766
2023-11-07,0.187500005820766
2023-11-08,0.177083349178752
2023-11-09,0.15625000485063836
2023-11-10,0.19791666246278009
2023-11-13,0.22916666343290773
2023-11-14,0.22916666343290773
2023-11-15,0.23958332007492175
2023-11-16,0.26041666440303546
2023-11-17,0.22916666343290773
2023-11-20,0.2187500067908937
2023-11-21,0.22916666343290773
2023-11-22,0.2083333501488797
2023-11-23,0.2083333501488797
2023-11-24,0.22916666343290773
2023-11-27,0.2187500067908937
2023-11-28,0.2083333501488797
2023-11-29,0.187500005820766
2023-11-30,0.22916666343290773
2023-12-01,0.2187500067908937
2023-12-04,0.2187500067908937
2023-12-05,0.19791666246278009
2023-12-06,0.187500005820766
2023-12-07,0.177083349178752
2023-12-08,0.187500005820766
2023-12-11,0.16666666149265238
2023-12-12,0.16666666149265238
2023-12-13,0.15625000485063836
2023-12-14,0.177083349178752
2023-12-15,0.14583334820862434
2023-12-18,0.15625000485063836
2023-12-19,0.15625000485063836
2023-12-20,0.13541666052252474
2023-12-21,0.15625000485063836
2023-12-22,0.16666666149265238
2023-12-27,0.15625000485063836
2023-12-28,0.13541666052252474
2023-12-29,0.14583334820862434
